id,first_name,last_name,email,suffix,is_lucky
1,Thedric,Walicki,twalicki0@columbia.edu,II,true
2,Evie,Markova,emarkova1@goo.ne.jp,Sr,true
3,Nicki,Kordas,nkordas2@ow.ly,II,true
4,Filip,Bannister,fbannister3@imdb.com,IV,false
5,Marleah,Gutman,mgutman4@fema.gov,Sr,false
6,Celeste,Murkus,cmurkus5@friendfeed.com,Jr,false
7,Lacy,Duiged,lduiged6@forbes.com,II,true
8,Beret,Ashe,bashe7@shinystat.com,IV,false
9,Harry,Beiderbeck,hbeiderbeck8@harvard.edu,Sr,false
10,Lynnett,Presdee,lpresdee9@dion.ne.jp,III,false
11,Xever,Ebbett,xebbetta@tiny.cc,Sr,false
12,Marni,Endersby,mendersbyb@narod.ru,II,true
13,Hatty,Lumly,hlumlyc@epa.gov,Jr,true
14,Karlis,Strang,kstrangd@ycombinator.com,Sr,false
15,Amble,Gambell,agambelle@uiuc.edu,II,true
16,Seline,Cordero,scorderof@blinklist.com,Sr,true
17,Chalmers,Jewiss,cjewissg@ning.com,Sr,true
18,Mohandis,Standrin,mstandrinh@kickstarter.com,Jr,false
19,Avie,Marsland,amarslandi@oakley.com,II,true
20,Wye,Fenney,wfenneyj@phoca.cz,II,false
21,Perren,Guswell,pguswellk@admin.ch,Sr,false
22,Antonino,Fessler,afesslerl@twitter.com,IV,false
23,Debera,Fermoy,dfermoym@weebly.com,Jr,true
24,Boyce,Cheke,bcheken@cdc.gov,Jr,true
25,Dale,Swaine,dswaineo@springer.com,III,false
26,Karin,Harbottle,kharbottlep@about.com,II,true
27,Ramsey,Landy,rlandyq@123-reg.co.uk,III,true
28,Lari,Chantree,lchantreer@studiopress.com,II,false
29,Hussein,Tussaine,htussaines@china.com.cn,Jr,false
30,Mureil,McGarrahan,mmcgarrahant@phpbb.com,Sr,false
31,Pooh,Mulder,pmulderu@cbsnews.com,Sr,true
32,Olivero,Brame,obramev@csmonitor.com,IV,false
33,Cornell,Chave,cchavew@comsenz.com,II,true
34,Xymenes,Salatino,xsalatinox@foxnews.com,Sr,true
35,Ingemar,Bullas,ibullasy@harvard.edu,Sr,false
36,Lorilee,Rudloff,lrudloffz@istockphoto.com,III,false
37,Patty,Kneeland,pkneeland10@tiny.cc,Sr,true
38,Susy,Longcaster,slongcaster11@amazon.co.uk,IV,false
39,Lloyd,Grelik,lgrelik12@unblog.fr,III,false
40,Adelheid,Harbron,aharbron13@toplist.cz,Sr,false
41,Dorothee,McCumesky,dmccumesky14@digg.com,IV,true
42,Wallache,Beetlestone,wbeetlestone15@time.com,II,false
43,Rosmunda,Cranke,rcranke16@gravatar.com,III,false
44,Josselyn,Girodier,jgirodier17@theatlantic.com,II,true
45,Marie-ann,Brinicombe,mbrinicombe18@bandcamp.com,Sr,true
46,Nickie,Troker,ntroker19@discovery.com,II,true
47,Reine,Patek,rpatek1a@scientificamerican.com,Sr,true
48,Giralda,Knottley,gknottley1b@loc.gov,III,false
49,Sada,Skechley,sskechley1c@apache.org,II,true
50,Caril,Koppeck,ckoppeck1d@histats.com,II,false
51,Tabbitha,Shapira,tshapira1e@infoseek.co.jp,Sr,true
52,Beulah,Cake,bcake1f@diigo.com,II,true
53,Vladimir,Burnyeat,vburnyeat1g@nasa.gov,III,false
54,Gaven,Sargeant,gsargeant1h@google.fr,Jr,false
55,Theodore,Armatys,tarmatys1i@dion.ne.jp,II,true
56,Sidnee,Eilhermann,seilhermann1j@amazon.co.uk,II,true
57,Hillie,Gilbee,hgilbee1k@canalblog.com,III,false
58,Hillery,Gipps,hgipps1l@newyorker.com,Jr,false
59,Edvard,Dewdeny,edewdeny1m@networksolutions.com,Jr,true
60,Bondon,Bartolomeotti,bbartolomeotti1n@exblog.jp,II,false
61,Augusto,Pimlock,apimlock1o@huffingtonpost.com,Sr,false
62,Reynold,Gammell,rgammell1p@t-online.de,II,false
63,Venita,Shoebrook,vshoebrook1q@redcross.org,Jr,true
64,Nicky,Gerrit,ngerrit1r@howstuffworks.com,Sr,true
65,Karmen,Keele,kkeele1s@wiley.com,Jr,true
66,Robinet,Chesshire,rchesshire1t@sun.com,Sr,false
67,Tymothy,Caesman,tcaesman1u@wisc.edu,IV,false
68,Alonso,Hulance,ahulance1v@constantcontact.com,Sr,true
69,Amalee,Estcourt,aestcourt1w@biglobe.ne.jp,IV,false
70,Dwayne,Heitz,dheitz1x@zimbio.com,IV,true
71,Thalia,Bricksey,tbricksey1y@netlog.com,III,false
72,Dunstan,Hanratty,dhanratty1z@sitemeter.com,Sr,false
73,Rose,Dei,rdei20@people.com.cn,III,false
74,Rozelle,Knottley,rknottley21@lulu.com,II,true
75,Leann,O' Ronan,loronan22@whitehouse.gov,IV,false
76,Jessica,Dolligon,jdolligon23@nba.com,III,true
77,Gavra,Tedridge,gtedridge24@g.co,II,true
78,Mohandas,Moncrieffe,mmoncrieffe25@sourceforge.net,III,false
79,Hillary,Merring,hmerring26@addthis.com,II,false
80,Orel,Legerwood,olegerwood27@hud.gov,II,true
81,Davis,Moffett,dmoffett28@boston.com,II,true
82,Scot,Hryncewicz,shryncewicz29@aboutads.info,Jr,false
83,Easter,Lunn,elunn2a@answers.com,II,true
84,Dalila,Bannard,dbannard2b@freewebs.com,Jr,true
85,Jeremie,Whettleton,jwhettleton2c@blog.com,III,false
86,Sauveur,Hanny,shanny2d@imageshack.us,IV,false
87,Janel,Crandon,jcrandon2e@tinyurl.com,III,true
88,Archie,Corbet,acorbet2f@mashable.com,III,true
89,Shirlee,Fealey,sfealey2g@github.io,Sr,true
90,Grier,Mizzen,gmizzen2h@mac.com,IV,false
91,Dreddy,Hillam,dhillam2i@wix.com,II,true
92,Karen,Kay,kkay2j@fc2.com,IV,true
93,Leela,Rosie,lrosie2k@tmall.com,Jr,false
94,Bucky,Case,bcase2l@sciencedirect.com,IV,false
95,Eadmund,Weed,eweed2m@smh.com.au,III,false
96,Levy,Petrak,lpetrak2n@amazon.de,II,false
97,Maurene,Kubacek,mkubacek2o@gnu.org,Sr,true
98,Waverley,Morritt,wmorritt2p@microsoft.com,II,false
99,Corby,Probets,cprobets2q@chicagotribune.com,IV,true
100,Windham,Spavins,wspavins2r@symantec.com,IV,true
101,Erek,Aggs,eaggs2s@imgur.com,Jr,true
102,Lion,Gauthorpp,lgauthorpp2t@networkadvertising.org,Sr,true
103,Ninnette,Boshard,nboshard2u@tmall.com,II,true
104,Dorise,Bogaert,dbogaert2v@qq.com,IV,true
105,Dannel,Glinde,dglinde2w@clickbank.net,II,false
106,Alonso,Egdal,aegdal2x@w3.org,III,false
107,Dorolice,McCloughlin,dmccloughlin2y@psu.edu,IV,false
108,Lida,Fosher,lfosher2z@go.com,Sr,false
109,Massimiliano,Eltringham,meltringham30@kickstarter.com,Jr,true
110,Manny,Blodg,mblodg31@wsj.com,III,true
111,Pate,Hayball,phayball32@alibaba.com,Jr,false
112,Sallie,Quesne,squesne33@webeden.co.uk,IV,true
113,Bealle,McCaig,bmccaig34@economist.com,IV,true
114,Leia,Favel,lfavel35@ca.gov,IV,true
115,Aurelea,Etchell,aetchell36@google.fr,II,true
116,Cheryl,Marishenko,cmarishenko37@elegantthemes.com,II,true
117,Silvanus,Berwick,sberwick38@youtu.be,Sr,true
118,Cameron,Pylkynyton,cpylkynyton39@cdbaby.com,II,false
119,Farr,Rawsen,frawsen3a@usatoday.com,Jr,false
120,Mikkel,Guy,mguy3b@soup.io,Jr,false
121,Eran,Flores,eflores3c@nature.com,II,false
122,Patrica,Shimmin,pshimmin3d@linkedin.com,Sr,false
123,Pinchas,Phinn,pphinn3e@topsy.com,III,false
124,Rozelle,Fairlie,rfairlie3f@digg.com,III,false
125,Randell,Bouzan,rbouzan3g@comcast.net,IV,false
126,Mord,Fidelus,mfidelus3h@google.de,Sr,false
127,Allyce,Roels,aroels3i@hao123.com,Sr,false
128,Theobald,Bilton,tbilton3j@hp.com,Jr,true
129,Ev,Spacey,espacey3k@geocities.jp,Jr,false
130,Petr,McLeish,pmcleish3l@flickr.com,Jr,false
131,Sylvester,Duckwith,sduckwith3m@ezinearticles.com,III,true
132,Carl,Langford,clangford3n@diigo.com,II,true
133,Lawton,Schelle,lschelle3o@amazon.de,Jr,true
134,Sharity,Knaggs,sknaggs3p@instagram.com,Jr,true
135,Elena,Birkmyre,ebirkmyre3q@desdev.cn,Jr,true
136,Grady,Lacy,glacy3r@economist.com,Sr,false
137,Marillin,Allmen,mallmen3s@networkadvertising.org,III,true
138,Idette,Dymocke,idymocke3t@desdev.cn,IV,false
139,Worth,Capeloff,wcapeloff3u@sakura.ne.jp,Jr,true
140,Rea,Copeman,rcopeman3v@forbes.com,IV,true
141,Nicole,Crampton,ncrampton3w@csmonitor.com,III,true
142,Sonnnie,Martyn,smartyn3x@nationalgeographic.com,Jr,false
143,Rahal,Clapison,rclapison3y@theglobeandmail.com,Jr,true
144,Jennette,Bende,jbende3z@army.mil,Sr,false
145,Sheridan,Turbern,sturbern40@vimeo.com,Jr,false
146,Aron,Tumasian,atumasian41@simplemachines.org,Jr,true
147,Michal,Aleshkov,maleshkov42@msu.edu,Sr,true
148,Berty,Hardingham,bhardingham43@simplemachines.org,Jr,false
149,Lewie,Tidy,ltidy44@1und1.de,Jr,true
150,Ezekiel,Gurnett,egurnett45@google.it,Sr,true
151,Pincas,Befroy,pbefroy46@edublogs.org,II,false
152,Linus,Daniau,ldaniau47@engadget.com,II,true
153,Cozmo,Warmington,cwarmington48@diigo.com,IV,true
154,Hayward,Dumingo,hdumingo49@netvibes.com,Sr,false
155,Allegra,Crackel,acrackel4a@typepad.com,Sr,true
156,Jamaal,MacKartan,jmackartan4b@alibaba.com,Sr,true
157,Joey,Rime,jrime4c@ca.gov,Sr,false
158,Armstrong,Rosensaft,arosensaft4d@samsung.com,IV,false
159,Emilia,Pau,epau4e@youtube.com,II,false
160,Lauralee,Pleaden,lpleaden4f@dailymotion.com,III,true
161,Steven,Olivelli,solivelli4g@tinypic.com,III,false
162,Burnaby,Chelley,bchelley4h@msu.edu,III,true
163,Ned,Spillett,nspillett4i@i2i.jp,Sr,false
164,Tarra,Gawthrop,tgawthrop4j@statcounter.com,IV,false
165,Guendolen,Gotmann,ggotmann4k@t.co,Sr,true
166,Bev,Clutterbuck,bclutterbuck4l@opensource.org,Jr,false
167,Nathaniel,Richie,nrichie4m@cbc.ca,Jr,true
168,Dru,Ouchterlony,douchterlony4n@paginegialle.it,IV,false
169,Bethena,Duffer,bduffer4o@dell.com,II,true
170,Helli,Pritchitt,hpritchitt4p@jimdo.com,Jr,false
171,Annice,Twelftree,atwelftree4q@yahoo.co.jp,IV,true
172,Sara-ann,Chesman,schesman4r@csmonitor.com,IV,false
173,Christoffer,Oakhill,coakhill4s@slideshare.net,Jr,true
174,Sonia,Fetter,sfetter4t@tmall.com,Jr,true
175,Zorina,Eyers,zeyers4u@technorati.com,Sr,false
176,Monique,Swanson,mswanson4v@so-net.ne.jp,Sr,false
177,Barrett,Standbrook,bstandbrook4w@cornell.edu,Sr,true
178,Tabby,Blenkinsop,tblenkinsop4x@cbsnews.com,III,true
179,Katee,Snedden,ksnedden4y@apache.org,III,true
180,Damita,Olexa,dolexa4z@gizmodo.com,Sr,false
181,Tamqrah,Mullins,tmullins50@ocn.ne.jp,Jr,false
182,Lawrence,Staniland,lstaniland51@bravesites.com,III,true
183,Gertrude,Doran,gdoran52@mediafire.com,III,true
184,Skippy,Reubbens,sreubbens53@house.gov,III,true
185,Mickie,Scarff,mscarff54@vk.com,II,false
186,Stanislas,Cudbird,scudbird55@nhs.uk,IV,false
187,Leupold,Allright,lallright56@army.mil,IV,false
188,Gratiana,Gallant,ggallant57@hp.com,Jr,false
189,Sorcha,Ryle,sryle58@alexa.com,Sr,true
190,Bern,Caffrey,bcaffrey59@rediff.com,Jr,false
191,Demott,Gobel,dgobel5a@reverbnation.com,Jr,false
192,Zenia,Monketon,zmonketon5b@japanpost.jp,II,false
193,Gifford,Chippindall,gchippindall5c@devhub.com,Sr,true
194,Morton,Maddin,mmaddin5d@craigslist.org,II,false
195,Polly,Mosdell,pmosdell5e@woothemes.com,Jr,false
196,Wolfgang,Heining,wheining5f@example.com,IV,true
197,Georgina,Presidey,gpresidey5g@umich.edu,IV,false
198,Nathaniel,Orrom,norrom5h@economist.com,Sr,false
199,Paddy,Klugman,pklugman5i@constantcontact.com,Jr,true
200,Rona,Barthelemy,rbarthelemy5j@mayoclinic.com,IV,false
201,Benn,O'Canavan,bocanavan5k@yandex.ru,Jr,false
202,Diego,Silvermann,dsilvermann5l@histats.com,II,false
203,Gabriell,Syder,gsyder5m@last.fm,Sr,false
204,Elliott,McMylor,emcmylor5n@techcrunch.com,II,true
205,Osbourn,Haysman,ohaysman5o@topsy.com,Jr,false
206,Sibbie,Meindl,smeindl5p@free.fr,IV,false
207,Alasteir,Schoenleiter,aschoenleiter5q@vimeo.com,II,false
208,Avis,Heisman,aheisman5r@zdnet.com,IV,false
209,Reamonn,Skechley,rskechley5s@mediafire.com,III,false
210,Carver,Sheridan,csheridan5t@desdev.cn,III,true
211,Kaiser,Vincent,kvincent5u@slate.com,IV,false
212,Sean,Dunthorn,sdunthorn5v@phoca.cz,IV,true
213,Delainey,Pietzke,dpietzke5w@cdbaby.com,Sr,false
214,Elisa,Haresign,eharesign5x@ow.ly,IV,false
215,Archibaldo,Alejandre,aalejandre5y@taobao.com,III,true
216,Analise,Knudsen,aknudsen5z@amazon.co.uk,Jr,false
217,Farlay,Pearcey,fpearcey60@example.com,Sr,false
218,Tammy,Tremain,ttremain61@businessinsider.com,Sr,false
219,Reinaldos,Loffill,rloffill62@amazon.co.uk,IV,true
220,Jammal,Semple,jsemple63@live.com,Jr,true
221,Millicent,Lofthouse,mlofthouse64@shop-pro.jp,II,false
222,Ludwig,Hospital,lhospital65@shareasale.com,II,false
223,Muriel,Reignard,mreignard66@toplist.cz,III,false
224,Shadow,Willshaw,swillshaw67@ftc.gov,Sr,true
225,Phylis,Tearny,ptearny68@cam.ac.uk,III,false
226,Bellanca,Towler,btowler69@washingtonpost.com,II,true
227,Rasla,Bebbington,rbebbington6a@flavors.me,IV,false
228,Ninette,Hassekl,nhassekl6b@cnn.com,Jr,false
229,Maxine,Auchterlonie,mauchterlonie6c@rediff.com,Jr,false
230,Dori,Pashler,dpashler6d@earthlink.net,Jr,true
231,Huntlee,Da Costa,hdacosta6e@dyndns.org,IV,true
232,Agna,Yaxley,ayaxley6f@fotki.com,Jr,false
233,Dana,Brugsma,dbrugsma6g@sina.com.cn,II,true
234,Hogan,Wiseman,hwiseman6h@lycos.com,III,false
235,Haslett,Frushard,hfrushard6i@sfgate.com,II,true
236,Emlen,Satford,esatford6j@google.es,Sr,true
237,Bobine,Daye,bdaye6k@senate.gov,Sr,true
238,Robinette,Folley,rfolley6l@marketwatch.com,IV,true
239,Jard,Dreng,jdreng6m@chron.com,II,true
240,Lonnie,Setchfield,lsetchfield6n@oracle.com,Jr,true
241,Benedick,Ansett,bansett6o@canalblog.com,II,true
242,Marcel,Mewis,mmewis6p@is.gd,III,true
243,Muriel,Lemme,mlemme6q@paypal.com,IV,true
244,Fernando,Kynton,fkynton6r@prnewswire.com,II,true
245,Arney,Scatchard,ascatchard6s@google.com.au,IV,false
246,Stephani,Avramovsky,savramovsky6t@indiegogo.com,III,true
247,Ogdan,Fierman,ofierman6u@upenn.edu,II,true
248,Kip,Dallon,kdallon6v@reuters.com,Sr,true
249,Aguste,De Roberto,aderoberto6w@vistaprint.com,IV,false
250,Brant,Frogley,bfrogley6x@booking.com,IV,true
251,Lara,Barlass,lbarlass6y@gmpg.org,Sr,false
252,Guillemette,Ygo,gygo6z@si.edu,Jr,false
253,Hamlen,Verzey,hverzey70@ustream.tv,III,false
254,Rachael,Willcox,rwillcox71@umn.edu,II,true
255,Susanetta,Narup,snarup72@youtu.be,II,true
256,Trish,Foxen,tfoxen73@google.co.uk,III,false
257,Brenna,Gabbatiss,bgabbatiss74@slashdot.org,Sr,false
258,Dyan,Nixon,dnixon75@comsenz.com,III,true
259,Hewett,Dracksford,hdracksford76@example.com,IV,false
260,Giordano,Featherby,gfeatherby77@seesaa.net,II,true
261,Inness,Fransman,ifransman78@unicef.org,III,false
262,Crystie,Innocent,cinnocent79@ehow.com,IV,true
263,Inge,Insko,iinsko7a@amazonaws.com,II,true
264,Blithe,Stanlike,bstanlike7b@1688.com,Sr,false
265,Amye,Dorot,adorot7c@smh.com.au,IV,true
266,Gilberta,Filippone,gfilippone7d@shareasale.com,III,false
267,Ashley,Siderfin,asiderfin7e@yahoo.com,III,true
268,Verena,Lowndes,vlowndes7f@bigcartel.com,Jr,true
269,Doug,Merali,dmerali7g@behance.net,Jr,true
270,Palmer,Clucas,pclucas7h@jugem.jp,II,true
271,Kerrin,Codron,kcodron7i@chronoengine.com,Jr,true
272,Whitney,Bodesson,wbodesson7j@deviantart.com,III,false
273,Winonah,Agate,wagate7k@mtv.com,IV,true
274,Maurizia,Eyres,meyres7l@elegantthemes.com,IV,true
275,Gertrudis,Corrie,gcorrie7m@imageshack.us,II,true
276,Judas,Armit,jarmit7n@google.de,Sr,false
277,Bernice,Woolbrook,bwoolbrook7o@tumblr.com,Jr,true
278,Katheryn,Junifer,kjunifer7p@jiathis.com,II,true
279,Trenna,Betterton,tbetterton7q@desdev.cn,II,true
280,Lemar,Scholling,lscholling7r@usa.gov,II,true
281,Dexter,Saffle,dsaffle7s@nih.gov,Sr,false
282,Arte,Mallebone,amallebone7t@bbb.org,Jr,false
283,Madeline,Josofovitz,mjosofovitz7u@dion.ne.jp,Jr,true
284,Hurleigh,Finlay,hfinlay7v@nps.gov,Sr,true
285,D'arcy,Couthard,dcouthard7w@etsy.com,IV,false
286,Base,Pordal,bpordal7x@ox.ac.uk,Sr,false
287,Lavinia,Barton,lbarton7y@wisc.edu,III,true
288,Conan,Hollier,chollier7z@constantcontact.com,Jr,false
289,Idette,Grist,igrist80@domainmarket.com,III,false
290,Tybie,Sussans,tsussans81@wikia.com,IV,false
291,Ephrayim,Shingles,eshingles82@time.com,III,false
292,Phillis,Markie,pmarkie83@theatlantic.com,IV,true
293,Pennie,MacNulty,pmacnulty84@senate.gov,Sr,false
294,Teriann,Culkin,tculkin85@ox.ac.uk,III,true
295,Jennilee,Aldcorn,jaldcorn86@indiatimes.com,Sr,true
296,Yancy,Dive,ydive87@pen.io,III,true
297,Wolfie,Keener,wkeener88@sohu.com,Jr,false
298,Gianni,Baser,gbaser89@independent.co.uk,Sr,true
299,Corella,Eskriet,ceskriet8a@devhub.com,III,true
300,Blondy,Styche,bstyche8b@netlog.com,Jr,false
301,Hobie,Pollicatt,hpollicatt8c@examiner.com,II,false
302,Oberon,Harce,oharce8d@hud.gov,II,false
303,Merilyn,McCurtain,mmccurtain8e@istockphoto.com,Jr,true
304,Betta,Braxay,bbraxay8f@typepad.com,III,true
305,Morty,Cockerham,mcockerham8g@phpbb.com,Sr,true
306,Kristofer,Woodard,kwoodard8h@psu.edu,III,true
307,Lew,Tallis,ltallis8i@mtv.com,Sr,true
308,Leigh,Robecon,lrobecon8j@hao123.com,Jr,true
309,Shandra,Ditchett,sditchett8k@usa.gov,III,false
310,Hazel,Sprigging,hsprigging8l@unblog.fr,Sr,false
311,Luca,Pavis,lpavis8m@typepad.com,IV,false
312,Tana,Gunningham,tgunningham8n@hao123.com,IV,true
313,Diego,Pickup,dpickup8o@bloglovin.com,IV,false
314,Cora,Valois,cvalois8p@home.pl,IV,true
315,Evita,Baskerville,ebaskerville8q@about.com,Jr,false
316,Mord,Tejero,mtejero8r@npr.org,IV,true
317,Violante,Bontein,vbontein8s@flavors.me,II,false
318,Gloriane,Ackhurst,gackhurst8t@oakley.com,Sr,true
319,Saxon,Puncher,spuncher8u@github.com,II,true
320,Claudia,Fieldhouse,cfieldhouse8v@huffingtonpost.com,II,true
321,Kain,Tuther,ktuther8w@mtv.com,II,true
322,Ara,Turbill,aturbill8x@mashable.com,IV,true
323,Abra,Sinclair,asinclair8y@networksolutions.com,III,false
324,Claus,Paraman,cparaman8z@mysql.com,Jr,false
325,Kimmi,Castlake,kcastlake90@biglobe.ne.jp,IV,true
326,Cahra,Payze,cpayze91@youtube.com,Jr,false
327,Sarette,Torald,storald92@nhs.uk,III,false
328,Ariana,Baffin,abaffin93@vkontakte.ru,IV,true
329,Llywellyn,Gierhard,lgierhard94@ocn.ne.jp,IV,true
330,Colver,Daffern,cdaffern95@google.fr,III,true
331,Dela,Pylkynyton,dpylkynyton96@webmd.com,Jr,false
332,Kincaid,Keast,kkeast97@comsenz.com,Jr,true
333,Rubetta,Dufore,rdufore98@paginegialle.it,Sr,false
334,Sig,Kordt,skordt99@g.co,III,false
335,Wade,Sullivan,wsullivan9a@ibm.com,IV,true
336,Flori,Gamell,fgamell9b@rambler.ru,Jr,true
337,Raleigh,Caveney,rcaveney9c@sina.com.cn,III,true
338,Kelsey,Rulf,krulf9d@tripadvisor.com,Sr,true
339,Herve,Quipp,hquipp9e@alibaba.com,IV,true
340,Neron,Canniffe,ncanniffe9f@cbslocal.com,IV,true
341,Windy,Abramof,wabramof9g@dailymail.co.uk,Jr,true
342,Kirby,Brindley,kbrindley9h@mac.com,II,true
343,Ella,Warrick,ewarrick9i@sina.com.cn,III,false
344,Daryl,Croisier,dcroisier9j@google.ru,Jr,true
345,Janeva,Widocks,jwidocks9k@wisc.edu,Jr,false
346,Courtnay,Hearn,chearn9l@chronoengine.com,II,true
347,Bernie,Rose,brose9m@bluehost.com,III,true
348,Trista,Cockrell,tcockrell9n@state.tx.us,Jr,true
349,Meridel,Abthorpe,mabthorpe9o@ycombinator.com,II,false
350,Rikki,Wodeland,rwodeland9p@cbc.ca,III,false
351,Karleen,McClifferty,kmcclifferty9q@economist.com,Jr,true
352,Andras,Shrimptone,ashrimptone9r@reference.com,Sr,true
353,Arleen,Eckley,aeckley9s@shinystat.com,III,true
354,Graig,Glisenan,gglisenan9t@technorati.com,III,false
355,Gabie,Herley,gherley9u@livejournal.com,Sr,true
356,Petrina,Moakes,pmoakes9v@sohu.com,II,false
357,Trueman,Pearcey,tpearcey9w@mail.ru,Jr,false
358,Konstance,Ead,kead9x@etsy.com,IV,false
359,Yolanda,Kersey,ykersey9y@utexas.edu,Sr,false
360,Curr,Sheals,csheals9z@hao123.com,Jr,false
361,Manya,Deadman,mdeadmana0@telegraph.co.uk,III,false
362,Marja,Hutable,mhutablea1@printfriendly.com,III,true
363,Jennee,Molen,jmolena2@ovh.net,III,false
364,Ethelind,Barlas,ebarlasa3@wp.com,III,false
365,Lavinia,Blowin,lblowina4@booking.com,Sr,false
366,Silvia,Colqueran,scolquerana5@rambler.ru,Sr,true
367,Elianore,Shynn,eshynna6@alexa.com,IV,false
368,Free,Tobias,ftobiasa7@bravesites.com,IV,false
369,Lorilee,Baskwell,lbaskwella8@t.co,II,false
370,Yelena,Overy,yoverya9@techcrunch.com,IV,false
371,Luca,McGaugan,lmcgauganaa@patch.com,III,false
372,Damon,Daughtrey,ddaughtreyab@canalblog.com,II,true
373,Dehlia,Seage,dseageac@123-reg.co.uk,Sr,false
374,Bealle,Mosen,bmosenad@4shared.com,III,false
375,Cissiee,Betonia,cbetoniaae@bluehost.com,III,true
376,Sholom,Doige,sdoigeaf@wsj.com,II,false
377,Marwin,Maes,mmaesag@issuu.com,III,true
378,Robby,Chrippes,rchrippesah@foxnews.com,IV,false
379,Crysta,Petrichat,cpetrichatai@weebly.com,II,false
380,Zarla,Blackmoor,zblackmooraj@seattletimes.com,III,false
381,Giff,Ebdin,gebdinak@abc.net.au,IV,false
382,Anneliese,Routh,arouthal@paginegialle.it,III,true
383,Maribeth,Beneze,mbenezeam@icq.com,Jr,false
384,Archer,Creaney,acreaneyan@list-manage.com,III,true
385,Samaria,Danilowicz,sdanilowiczao@independent.co.uk,II,false
386,Ava,Jiroudek,ajiroudekap@cbc.ca,II,true
387,Else,Blumer,eblumeraq@buzzfeed.com,III,false
388,Kendre,Stuckes,kstuckesar@admin.ch,IV,false
389,Urbain,Leyzell,uleyzellas@answers.com,II,true
390,Pier,Vinson,pvinsonat@apple.com,III,false
391,Brendin,Mohamed,bmohamedau@i2i.jp,IV,false
392,Marcie,McAllister,mmcallisterav@sakura.ne.jp,II,false
393,Ware,Biset,wbisetaw@google.de,III,false
394,Codi,Munford,cmunfordax@about.com,Sr,false
395,Regan,Chastel,rchastelay@dmoz.org,IV,false
396,Rosanna,Buncom,rbuncomaz@rambler.ru,Sr,false
397,Darius,Launder,dlaunderb0@un.org,IV,true
398,Bat,Pehrsson,bpehrssonb1@umn.edu,Jr,true
399,Jorry,Exeter,jexeterb2@usda.gov,III,true
400,Zack,Baradel,zbaradelb3@ucsd.edu,IV,true
401,Stevie,Leads,sleadsb4@europa.eu,II,true
402,Ileana,Windas,iwindasb5@ehow.com,IV,true
403,Georgine,Bewshire,gbewshireb6@sbwire.com,Jr,false
404,Paddy,Cowpertwait,pcowpertwaitb7@bing.com,Sr,false
405,Bren,Gathwaite,bgathwaiteb8@gnu.org,II,true
406,Zorina,Raiker,zraikerb9@youtu.be,IV,false
407,Ivie,Hurton,ihurtonba@cornell.edu,III,false
408,Oswell,Cess,ocessbb@npr.org,III,false
409,Aurea,Crowthe,acrowthebc@moonfruit.com,Sr,false
410,Sabra,Hallitt,shallittbd@jigsy.com,III,true
411,Jonathon,Deinhardt,jdeinhardtbe@howstuffworks.com,IV,false
412,Sena,Le Barr,slebarrbf@phoca.cz,Jr,false
413,Mattie,Farquharson,mfarquharsonbg@ifeng.com,IV,false
414,Torrence,Milkins,tmilkinsbh@dell.com,II,false
415,Joell,Rumgay,jrumgaybi@japanpost.jp,Sr,false
416,Raphael,Banbrick,rbanbrickbj@mit.edu,IV,false
417,Louis,Burrett,lburrettbk@globo.com,Sr,true
418,Dukey,Etheredge,detheredgebl@springer.com,Sr,true
419,Lewiss,Autrie,lautriebm@imdb.com,IV,false
420,Brucie,Bartholomieu,bbartholomieubn@mozilla.org,IV,false
421,Christye,McCroft,cmccroftbo@tumblr.com,Jr,false
422,Reider,McGarel,rmcgarelbp@storify.com,IV,false
423,Melisa,Freemantle,mfreemantlebq@multiply.com,Sr,true
424,Stanislas,Martellini,smartellinibr@google.pl,IV,true
425,Mathilda,Haith,mhaithbs@reddit.com,Sr,true
426,Chas,Hearnden,chearndenbt@homestead.com,III,true
427,Olenka,Blankley,oblankleybu@prweb.com,Jr,true
428,Sergent,Andrin,sandrinbv@youtu.be,II,true
429,Shana,Blacker,sblackerbw@seattletimes.com,II,true
430,Belicia,Bratten,bbrattenbx@abc.net.au,II,false
431,Lexine,Pirrie,lpirrieby@apple.com,III,true
432,Archy,Amberg,aambergbz@hubpages.com,Sr,false
433,Fredrick,Pietruszka,fpietruszkac0@bing.com,III,true
434,Pavla,O'Curran,pocurranc1@cam.ac.uk,II,true
435,Mohandas,Piborn,mpibornc2@geocities.jp,II,false
436,Wendye,Leal,wlealc3@cnn.com,III,false
437,Tonnie,Chappelow,tchappelowc4@amazon.de,Sr,false
438,Angelle,Witherup,awitherupc5@amazonaws.com,Sr,true
439,Nikki,Colter,ncolterc6@columbia.edu,IV,false
440,Cobbie,Sibbs,csibbsc7@umich.edu,III,true
441,Mariele,Cholerton,mcholertonc8@cisco.com,Sr,false
442,Minnaminnie,Gellett,mgellettc9@shinystat.com,IV,false
443,Adrianna,Woodworth,awoodworthca@engadget.com,IV,true
444,Shelby,Masterson,smastersoncb@dyndns.org,Jr,true
445,Ronna,Bresson,rbressoncc@hostgator.com,III,true
446,Courtney,Richfield,crichfieldcd@usda.gov,Jr,true
447,Silvio,Rama,sramace@ted.com,IV,false
448,Prescott,Derx,pderxcf@sakura.ne.jp,IV,true
449,Isadora,Klehyn,iklehyncg@geocities.com,III,false
450,Stefano,Petschel,spetschelch@alexa.com,II,false
451,Tiebout,Arnopp,tarnoppci@free.fr,III,false
452,Clarie,Jaggers,cjaggerscj@psu.edu,II,false
453,Myles,Commusso,mcommussock@php.net,Jr,true
454,Phil,Laudham,plaudhamcl@tuttocitta.it,IV,false
455,Fred,Piaggia,fpiaggiacm@infoseek.co.jp,II,true
456,Ketty,Shambrook,kshambrookcn@merriam-webster.com,III,false
457,Grazia,Degoe,gdegoeco@ovh.net,Jr,true
458,Hedwig,Zoellner,hzoellnercp@tamu.edu,Sr,false
459,Belicia,Stansell,bstansellcq@house.gov,IV,false
460,Manon,Batchelar,mbatchelarcr@delicious.com,IV,true
461,Ira,McCritchie,imccritchiecs@fda.gov,Sr,false
462,Mychal,Waldron,mwaldronct@ameblo.jp,Sr,true
463,Flynn,Dawid,fdawidcu@nbcnews.com,II,true
464,Torey,Bodiam,tbodiamcv@macromedia.com,IV,false
465,Suellen,Rawlence,srawlencecw@oakley.com,Sr,true
466,Chloris,Allewell,callewellcx@illinois.edu,II,false
467,Lavina,Wyley,lwyleycy@so-net.ne.jp,Sr,true
468,Letta,Munby,lmunbycz@hibu.com,II,true
469,Theda,Pechard,tpechardd0@walmart.com,III,false
470,Gustav,Godlonton,ggodlontond1@wikispaces.com,Sr,true
471,Nessie,Younglove,nyoungloved2@flavors.me,Jr,false
472,Yolane,Trickett,ytrickettd3@ifeng.com,Jr,true
473,Garrek,Duddridge,gduddridged4@nifty.com,Sr,false
474,Reed,MacAllan,rmacalland5@seesaa.net,II,true
475,Lauri,Stoffersen,lstoffersend6@va.gov,Sr,true
476,Creight,Wombwell,cwombwelld7@nhs.uk,IV,false
477,Diandra,Thompkins,dthompkinsd8@gov.uk,Sr,true
478,Monty,Rubinivitz,mrubinivitzd9@yellowpages.com,Sr,true
479,Mollee,Cossington,mcossingtonda@marriott.com,Sr,true
480,Mersey,Ivons,mivonsdb@sciencedirect.com,III,false
481,Vernon,Bronger,vbrongerdc@marketwatch.com,Jr,false
482,Bernetta,Anetts,banettsdd@mayoclinic.com,IV,true
483,Tibold,Quenell,tquenellde@latimes.com,Jr,false
484,Mikey,Fonteyne,mfonteynedf@liveinternet.ru,Sr,true
485,Lorianna,Gandley,lgandleydg@artisteer.com,IV,true
486,Dinah,Bolzen,dbolzendh@pinterest.com,III,true
487,Freeland,Blodg,fblodgdi@oakley.com,Jr,false
488,Dedie,McKeveney,dmckeveneydj@oakley.com,II,false
489,Augustine,Soppit,asoppitdk@diigo.com,II,false
490,Bradford,Igo,bigodl@behance.net,Jr,false
491,Roldan,Sandiford,rsandiforddm@army.mil,IV,true
492,Thomasin,Garfoot,tgarfootdn@virginia.edu,III,false
493,Tricia,Ormerod,tormeroddo@apache.org,IV,false
494,Lin,Dimitru,ldimitrudp@toplist.cz,Jr,false
495,Ysabel,Kwietak,ykwietakdq@yandex.ru,III,true
496,Hanny,Coite,hcoitedr@wired.com,III,true
497,Dallon,Jeune,djeuneds@statcounter.com,III,false
498,Nial,Jennison,njennisondt@csmonitor.com,Sr,false
499,Beau,Matts,bmattsdu@bbc.co.uk,II,true
500,Thayne,Binding,tbindingdv@topsy.com,III,false
501,Tessy,Hingeley,thingeleydw@google.ca,Jr,true
502,Ber,Loomes,bloomesdx@desdev.cn,Sr,false
503,Pasquale,Denkin,pdenkindy@fastcompany.com,Jr,true
504,Silva,Willishire,swillishiredz@parallels.com,Sr,true
505,Don,Grainger,dgraingere0@newyorker.com,Sr,false
506,Nicholas,Jefferys,njefferyse1@blog.com,Jr,false
507,Bordie,Canto,bcantoe2@discuz.net,III,true
508,Isabelle,Beves,ibevese3@ezinearticles.com,III,false
509,Cordey,Lilian,cliliane4@aol.com,II,true
510,Claudina,Wisson,cwissone5@privacy.gov.au,Sr,false
511,Adriano,Edgar,aedgare6@free.fr,II,false
512,Gabriella,Karlqvist,gkarlqviste7@usnews.com,Sr,false
513,Alfons,Kohring,akohringe8@upenn.edu,IV,true
514,Marve,Aronovich,maronoviche9@ucla.edu,Jr,false
515,Lorrayne,Okenden,lokendenea@businesswire.com,III,false
516,Salim,Helstrip,shelstripeb@feedburner.com,III,false
517,Haskell,Adnet,hadnetec@yahoo.com,IV,true
518,Ephrem,Dyneley,edyneleyed@seattletimes.com,Sr,false
519,Morie,Jahncke,mjahnckeee@ox.ac.uk,Jr,false
520,Godfree,Keinrat,gkeinratef@drupal.org,II,true
521,Cristy,Trownson,ctrownsoneg@simplemachines.org,II,true
522,Odilia,Nestle,onestleeh@diigo.com,III,false
523,Rhiamon,Kayley,rkayleyei@g.co,IV,true
524,Fanny,Bone,fboneej@blogs.com,II,true
525,Mala,Ocheltree,mocheltreeek@webmd.com,IV,false
526,Tobe,Mansford,tmansfordel@google.co.jp,Sr,true
527,Brigham,Karczinski,bkarczinskiem@slideshare.net,III,true
528,Lilian,Tapsfield,ltapsfielden@dot.gov,Jr,true
529,Neilla,Dunsmuir,ndunsmuireo@uiuc.edu,Jr,true
530,Vlad,Szymanowski,vszymanowskiep@ifeng.com,Sr,true
531,Torrin,Keyte,tkeyteeq@unesco.org,Jr,false
532,Monty,MacRanald,mmacranalder@google.ca,III,true
533,Mathilda,Thiolier,mthiolieres@forbes.com,Jr,false
534,Dorie,Stode,dstodeet@cdc.gov,Sr,false
535,Kenon,Grebner,kgrebnereu@com.com,Sr,false
536,Robenia,Gomery,rgomeryev@nsw.gov.au,III,true
537,Maren,Samworth,msamworthew@unc.edu,II,true
538,Mick,Jorczyk,mjorczykex@webs.com,II,false
539,Martguerita,Hawke,mhawkeey@japanpost.jp,IV,true
540,Daffie,Haskett,dhaskettez@weather.com,II,false
541,Kearney,Reinbeck,kreinbeckf0@mapquest.com,II,true
542,Emmott,Lowerson,elowersonf1@joomla.org,III,true
543,Angil,Skehan,askehanf2@wikispaces.com,IV,true
544,Sayre,Eilert,seilertf3@blog.com,Jr,false
545,Britte,Deplacido,bdeplacidof4@github.io,II,true
546,Agace,Alexsandrovich,aalexsandrovichf5@vk.com,Sr,true
547,Dimitry,Peachment,dpeachmentf6@independent.co.uk,Sr,true
548,Robbie,McFadyen,rmcfadyenf7@msu.edu,II,false
549,Tye,Stanworth,tstanworthf8@jigsy.com,IV,true
550,Adora,Dolohunty,adolohuntyf9@springer.com,II,true
551,Rik,Spillard,rspillardfa@globo.com,III,false
552,Edik,Berling,eberlingfb@sun.com,IV,true
553,Ricoriki,Alflat,ralflatfc@1und1.de,IV,false
554,Rawley,Loalday,rloaldayfd@ox.ac.uk,II,false
555,Kelby,Bettridge,kbettridgefe@so-net.ne.jp,IV,true
556,Gayle,Maxweell,gmaxweellff@sohu.com,III,false
557,Chickie,Raymen,craymenfg@nhs.uk,II,true
558,Malinde,Groarty,mgroartyfh@buzzfeed.com,III,true
559,Dodie,Fidal,dfidalfi@bloglovin.com,II,true
560,Glory,Linder,glinderfj@a8.net,II,false
561,Omero,Pietruszewicz,opietruszewiczfk@census.gov,II,true
562,Raf,McClary,rmcclaryfl@ow.ly,IV,true
563,Haroun,Fury,hfuryfm@scribd.com,Sr,false
564,Christa,Stennet,cstennetfn@springer.com,IV,false
565,Binnie,Keen,bkeenfo@cpanel.net,III,true
566,Cassandre,Mariot,cmariotfp@cbsnews.com,II,false
567,Cello,Harsum,charsumfq@github.io,Jr,true
568,Matteo,Jinks,mjinksfr@com.com,III,true
569,Weber,Clem,wclemfs@ted.com,Jr,true
570,Teresa,Paradis,tparadisft@usgs.gov,II,false
571,Zollie,Wauchope,zwauchopefu@cisco.com,Sr,false
572,Janifer,Niave,jniavefv@imdb.com,IV,false
573,Winslow,Courteney,wcourteneyfw@dmoz.org,II,false
574,Janifer,Lisamore,jlisamorefx@dagondesign.com,III,false
575,Lorenzo,Seago,lseagofy@blogs.com,Sr,true
576,Curcio,Kermit,ckermitfz@washington.edu,III,true
577,Hedvige,Jack,hjackg0@dion.ne.jp,Sr,true
578,Elna,Arundell,earundellg1@npr.org,Sr,false
579,Ruthi,Antrobus,rantrobusg2@who.int,IV,true
580,Randie,Nuccitelli,rnuccitellig3@telegraph.co.uk,II,true
581,Nelly,Wressell,nwressellg4@nytimes.com,Jr,true
582,Lothaire,Beattie,lbeattieg5@wikimedia.org,II,false
583,Shanta,Boorman,sboormang6@tinypic.com,Sr,true
584,Ferdinand,Rippon,frippong7@nba.com,IV,false
585,Gregor,Buttwell,gbuttwellg8@wsj.com,IV,false
586,Sammie,Ainsley,sainsleyg9@goo.gl,IV,true
587,Ellene,Whisson,ewhissonga@gizmodo.com,Sr,true
588,Tadeo,Kos,tkosgb@bravesites.com,III,false
589,Katleen,Follitt,kfollittgc@gmpg.org,Sr,false
590,Giavani,Legg,glegggd@arstechnica.com,III,true
591,Ernst,Demogeot,edemogeotge@networksolutions.com,Sr,false
592,Sonny,Cullon,scullongf@vinaora.com,III,true
593,Glennis,Ebbens,gebbensgg@goo.gl,II,false
594,Lenee,Moodie,lmoodiegh@lulu.com,III,false
595,Avrit,Volette,avolettegi@1688.com,III,true
596,Norah,McGuiney,nmcguineygj@elpais.com,Jr,false
597,Meredeth,Roussel,mrousselgk@rakuten.co.jp,Sr,true
598,Adelbert,Bassam,abassamgl@blogger.com,III,false
599,Eb,Loghan,eloghangm@census.gov,Sr,true
600,Bron,Fairbrass,bfairbrassgn@illinois.edu,Jr,false
601,Lindy,Lidierth,llidierthgo@ifeng.com,Sr,true
602,Julie,Gallardo,jgallardogp@nba.com,IV,true
603,Mort,Ropking,mropkinggq@youtu.be,Jr,true
604,Devina,Gytesham,dgyteshamgr@youtube.com,II,true
605,Rourke,Knowlden,rknowldengs@nsw.gov.au,Sr,false
606,Melba,Girdwood,mgirdwoodgt@java.com,Sr,false
607,Lucky,Megson,lmegsongu@creativecommons.org,III,false
608,Michaeline,Caddan,mcaddangv@over-blog.com,Jr,true
609,Deeann,Dadge,ddadgegw@canalblog.com,Jr,true
610,Trix,Crame,tcramegx@wikispaces.com,Jr,false
611,Emlynn,Frere,efreregy@blogger.com,IV,false
612,Freddie,Crallan,fcrallangz@foxnews.com,Jr,true
613,Bartlet,Deme,bdemeh0@i2i.jp,IV,true
614,Mara,Laugier,mlaugierh1@hibu.com,III,false
615,Sylvester,Bonfield,sbonfieldh2@angelfire.com,II,false
616,Bradford,Vernazza,bvernazzah3@gnu.org,Sr,true
617,Glyn,Lilly,glillyh4@drupal.org,Jr,false
618,Mathe,MacMenamie,mmacmenamieh5@wunderground.com,Sr,true
619,Chelsea,Inchbald,cinchbaldh6@ft.com,Jr,true
620,Donica,Fryd,dfrydh7@unesco.org,IV,false
621,Marietta,Parlot,mparloth8@e-recht24.de,Sr,false
622,Lorin,Cansdall,lcansdallh9@mtv.com,IV,true
623,Odell,Harriagn,oharriagnha@newsvine.com,Sr,true
624,Ximenez,Gilbertson,xgilbertsonhb@linkedin.com,III,true
625,Annaliese,Syne,asynehc@vinaora.com,IV,true
626,Lyda,Phil,lphilhd@omniture.com,IV,false
627,Brion,Franzonetti,bfranzonettihe@jiathis.com,II,false
628,Stanford,Behninck,sbehninckhf@wisc.edu,Jr,true
629,Keefer,Cowx,kcowxhg@tiny.cc,Sr,false
630,Jacintha,Gladdor,jgladdorhh@unesco.org,III,true
631,Jordon,Airton,jairtonhi@huffingtonpost.com,Sr,false
632,Desiree,Pagin,dpaginhj@elegantthemes.com,Sr,true
633,Karoly,Chugg,kchugghk@twitter.com,II,true
634,Kevan,MacKenzie,kmackenziehl@free.fr,II,false
635,Killy,Kubczak,kkubczakhm@stanford.edu,II,true
636,Libbie,Donegan,ldoneganhn@mapquest.com,IV,true
637,Nolana,Manton,nmantonho@forbes.com,II,false
638,Patrizius,Ellesworthe,pellesworthehp@nytimes.com,IV,false
639,Julietta,Juden,jjudenhq@nba.com,II,true
640,Olly,Bewicke,obewickehr@google.com,IV,false
641,Mortimer,Van den Velde,mvandenveldehs@columbia.edu,Jr,false
642,Vinny,Attreed,vattreedht@businessinsider.com,Jr,true
643,Yancey,Knoton,yknotonhu@nps.gov,II,false
644,Isabella,Hammonds,ihammondshv@hexun.com,II,true
645,Kermy,Heisham,kheishamhw@umn.edu,Jr,false
646,Bethanne,Syder,bsyderhx@typepad.com,III,true
647,Adelbert,Hector,ahectorhy@stumbleupon.com,Jr,true
648,Orsa,Cockrill,ocockrillhz@opera.com,Sr,true
649,Melania,Causby,mcausbyi0@dyndns.org,III,true
650,Ax,Stroban,astrobani1@tripod.com,III,false
651,Marta,Munden,mmundeni2@newyorker.com,IV,true
652,Glynnis,Alderwick,galderwicki3@archive.org,III,false
653,Kerry,Streatley,kstreatleyi4@trellian.com,II,true
654,Lorry,McNee,lmcneei5@yelp.com,II,true
655,Haskell,Erricker,herrickeri6@dailymotion.com,II,false
656,Natalya,Seabrooke,nseabrookei7@nba.com,Sr,true
657,Bunni,Beckingham,bbeckinghami8@ox.ac.uk,Jr,true
658,Sigvard,Danilin,sdanilini9@berkeley.edu,Sr,true
659,Ashley,Fairclough,afaircloughia@jalbum.net,Sr,false
660,Diana,Parham,dparhamib@weebly.com,Sr,false
661,Nero,Lonnon,nlonnonic@narod.ru,III,true
662,Gael,Carlo,gcarloid@cnn.com,III,false
663,Britt,Reek,breekie@ocn.ne.jp,II,false
664,Brant,Villa,bvillaif@google.ru,II,true
665,Bili,Peskin,bpeskinig@ebay.com,II,true
666,Nina,Greneham,ngrenehamih@amazon.co.uk,Sr,true
667,Morganne,Boyack,mboyackii@bigcartel.com,Jr,false
668,Kip,Von Der Empten,kvonderemptenij@zdnet.com,Sr,true
669,Morissa,Rubinsaft,mrubinsaftik@squarespace.com,IV,false
670,Vonnie,Rissen,vrissenil@house.gov,Jr,false
671,Jerald,Ludmann,jludmannim@comcast.net,Sr,true
672,Etienne,Phillipps,ephillippsin@smh.com.au,IV,true
673,Ephraim,Rivenzon,erivenzonio@guardian.co.uk,II,true
674,Jennine,Yakovitch,jyakovitchip@canalblog.com,IV,true
675,Gustav,Meriguet,gmeriguetiq@indiatimes.com,II,true
676,Zack,Gludor,zgludorir@bloglines.com,II,false
677,Nicolas,Gerrelts,ngerreltsis@acquirethisname.com,Sr,true
678,Sonnie,Staley,sstaleyit@soup.io,Sr,false
679,Joyan,Dearnaley,jdearnaleyiu@hugedomains.com,IV,false
680,Sheridan,Speller,sspelleriv@rediff.com,Jr,false
681,Estele,Bezarra,ebezarraiw@wikia.com,III,false
682,Waylen,Stanislaw,wstanislawix@yolasite.com,Sr,true
683,Peggie,McCrohon,pmccrohoniy@livejournal.com,III,true
684,Moise,Boycott,mboycottiz@geocities.com,Jr,true
685,Adore,Edens,aedensj0@hao123.com,Jr,false
686,Bendicty,Blueman,bbluemanj1@shutterfly.com,Sr,true
687,Guinevere,Iwanowski,giwanowskij2@nydailynews.com,IV,true
688,Erminia,Wixey,ewixeyj3@barnesandnoble.com,IV,true
689,Lawton,de Courcy,ldecourcyj4@aol.com,IV,true
690,Kayne,Lionel,klionelj5@berkeley.edu,II,true
691,Cullen,Dowson,cdowsonj6@narod.ru,II,true
692,Chrysler,Crut,ccrutj7@github.com,II,false
693,Merwin,Phare,mpharej8@pinterest.com,II,true
694,Prentice,Dench,pdenchj9@rambler.ru,Sr,false
695,Bail,Savory,bsavoryja@umn.edu,III,true
696,Nadeen,O'Kinedy,nokinedyjb@godaddy.com,III,true
697,Melisse,Zimmermeister,mzimmermeisterjc@ebay.co.uk,III,false
698,Ichabod,Ladel,iladeljd@seattletimes.com,Sr,true
699,Bogey,Southorn,bsouthornje@diigo.com,II,true
700,Zachary,Bertomeu,zbertomeujf@archive.org,III,false
701,Mitchael,Salsbury,msalsburyjg@illinois.edu,III,false
702,Christiane,Rosenwald,crosenwaldjh@ning.com,III,true
703,Josy,Warsop,jwarsopji@wisc.edu,II,true
704,Wendel,Gealle,wgeallejj@flickr.com,IV,true
705,Vannie,Domeny,vdomenyjk@ox.ac.uk,III,false
706,Shelley,Croshaw,scroshawjl@edublogs.org,Jr,false
707,Hill,Blything,hblythingjm@psu.edu,Sr,false
708,Richie,Purnell,rpurnelljn@redcross.org,Jr,true
709,Edin,Simanenko,esimanenkojo@reference.com,Jr,true
710,Anatola,Waistell,awaistelljp@eepurl.com,IV,false
711,Hasty,Kernoghan,hkernoghanjq@symantec.com,IV,true
712,Doy,Learned,dlearnedjr@chron.com,II,true
713,Currey,Menilove,cmenilovejs@globo.com,II,false
714,Veronika,Eads,veadsjt@chron.com,Jr,true
715,Drusy,Flintoffe,dflintoffeju@oracle.com,IV,false
716,Madeline,Horder,mhorderjv@mlb.com,Jr,false
717,Barnett,Francie,bfranciejw@home.pl,II,true
718,Arliene,Trevett,atrevettjx@slashdot.org,IV,false
719,Wilfred,Warbrick,wwarbrickjy@washington.edu,IV,true
720,Alec,Castellone,acastellonejz@privacy.gov.au,Jr,false
721,Chad,Benninck,cbenninckk0@live.com,II,true
722,Pasquale,Dalla,pdallak1@aboutads.info,II,true
723,Camellia,Leamon,cleamonk2@google.de,III,true
724,Jasmin,Pavlik,jpavlikk3@blogtalkradio.com,III,false
725,Hastings,Bettinson,hbettinsonk4@ocn.ne.jp,Jr,false
726,Colette,Hellwing,chellwingk5@skype.com,IV,true
727,Danella,Sawtell,dsawtellk6@live.com,Jr,false
728,Ronnie,Foxley,rfoxleyk7@wisc.edu,Jr,true
729,Adan,MacCahey,amaccaheyk8@globo.com,Jr,true
730,Tony,Fritschmann,tfritschmannk9@quantcast.com,III,true
731,Worth,Haggart,whaggartka@parallels.com,III,true
732,Garner,Basilone,gbasilonekb@nydailynews.com,II,false
733,Joyann,Brockest,jbrockestkc@issuu.com,III,false
734,Catharine,Mattusov,cmattusovkd@dailymotion.com,Sr,true
735,Deb,Hurling,dhurlingke@nasa.gov,IV,true
736,Marvin,Sandy,msandykf@cnet.com,III,true
737,Leicester,Lavall,llavallkg@bloomberg.com,Jr,false
738,Opalina,Mc Harg,omchargkh@loc.gov,II,true
739,Vincent,Voules,vvouleski@ehow.com,II,false
740,Vincenz,Wittier,vwittierkj@netlog.com,III,false
741,Celestyn,Grigoriscu,cgrigoriscukk@constantcontact.com,Jr,false
742,Thayne,Canton,tcantonkl@wufoo.com,III,true
743,Gus,Savory,gsavorykm@economist.com,Jr,false
744,Adda,Berford,aberfordkn@parallels.com,IV,false
745,Nerissa,Antonijevic,nantonijevicko@facebook.com,Jr,true
746,Ozzie,Nield,onieldkp@dell.com,Jr,true
747,Karel,Moth,kmothkq@upenn.edu,III,true
748,Melony,Reinard,mreinardkr@theguardian.com,IV,false
749,Eve,Staig,estaigks@simplemachines.org,Jr,false
750,Randene,Taillant,rtaillantkt@washington.edu,III,false
751,Des,Richardon,drichardonku@blog.com,IV,false
752,Megen,Collard,mcollardkv@msn.com,III,false
753,Arlinda,Scamadin,ascamadinkw@de.vu,IV,true
754,Bellina,Gammet,bgammetkx@hatena.ne.jp,II,false
755,Hilliary,Laurisch,hlaurischky@prweb.com,IV,false
756,Wayne,Zorener,wzorenerkz@booking.com,II,true
757,Gertie,Phelit,gphelitl0@netlog.com,II,true
758,Zelma,Etherton,zethertonl1@amazon.co.uk,III,true
759,Florencia,Huetson,fhuetsonl2@qq.com,II,false
760,Theodor,O'Cahill,tocahilll3@berkeley.edu,Jr,false
761,Brandais,Youd,byoudl4@ning.com,Sr,false
762,Rosy,Wapple,rwapplel5@examiner.com,III,false
763,Reese,Jeavon,rjeavonl6@chronoengine.com,IV,false
764,Ebba,Kettlesing,ekettlesingl7@exblog.jp,II,true
765,Stevie,Frango,sfrangol8@wikipedia.org,IV,true
766,Kerrill,Armatys,karmatysl9@dailymail.co.uk,II,true
767,Rici,Jarrel,rjarrella@yelp.com,III,false
768,Jodi,Rodway,jrodwaylb@t.co,Jr,false
769,Sher,Martello,smartellolc@nhs.uk,Sr,false
770,Niles,Kelk,nkelkld@bbb.org,Sr,false
771,Cosmo,Barlow,cbarlowle@edublogs.org,III,false
772,Scarface,Minto,smintolf@sourceforge.net,Sr,true
773,Brade,Avrahamy,bavrahamylg@wired.com,III,false
774,Charo,Di Gregorio,cdigregoriolh@vkontakte.ru,Jr,false
775,Camilla,Burnham,cburnhamli@smugmug.com,Jr,false
776,Jan,Townsley,jtownsleylj@ocn.ne.jp,IV,true
777,Afton,Hugues,ahugueslk@geocities.jp,Sr,true
778,Cozmo,Aikman,caikmanll@artisteer.com,Sr,false
779,Lita,Ive,livelm@ibm.com,II,true
780,Clywd,Goering,cgoeringln@vimeo.com,Sr,false
781,Bell,Jantot,bjantotlo@patch.com,Sr,false
782,Debor,McGrayle,dmcgraylelp@wordpress.org,Sr,true
783,Pattin,Sutty,psuttylq@barnesandnoble.com,II,true
784,Joella,Barkworth,jbarkworthlr@dot.gov,II,true
785,Ilyse,Compson,icompsonls@independent.co.uk,Jr,true
786,Queenie,Headingham,qheadinghamlt@xrea.com,III,false
787,Binny,Brydie,bbrydielu@trellian.com,II,false
788,Rees,Baldi,rbaldilv@reference.com,IV,true
789,Nelly,Dickson,ndicksonlw@google.com.br,II,false
790,Avram,Farrens,afarrenslx@xing.com,II,false
791,Beverlee,Lorinez,blorinezly@clickbank.net,Jr,false
792,Teresina,Cudworth,tcudworthlz@free.fr,III,false
793,Darice,Helliwell,dhelliwellm0@ucoz.ru,III,false
794,Haskell,Stango,hstangom1@pcworld.com,IV,true
795,Sunny,Gilroy,sgilroym2@exblog.jp,III,false
796,Julia,Harriday,jharridaym3@buzzfeed.com,II,true
797,Casandra,Chettoe,cchettoem4@trellian.com,IV,false
798,Quinlan,Fandrich,qfandrichm5@quantcast.com,Jr,true
799,Ave,Paraman,aparamanm6@addtoany.com,Sr,true
800,Ellyn,Gibbins,egibbinsm7@taobao.com,III,true
801,Mildred,Waleworke,mwaleworkem8@mozilla.org,III,true
802,Rasla,Hammerman,rhammermanm9@yale.edu,Jr,false
803,Christyna,MacConnel,cmacconnelma@slate.com,II,false
804,Myer,Faivre,mfaivremb@symantec.com,III,false
805,Karee,Singyard,ksingyardmc@yandex.ru,II,true
806,Brodie,Cherryman,bcherrymanmd@bloglovin.com,III,false
807,Ludovika,Headech,lheadechme@surveymonkey.com,III,false
808,Elsworth,Ainsworth,eainsworthmf@chron.com,III,false
809,Abramo,Chawner,achawnermg@craigslist.org,II,false
810,Enrique,Simeonov,esimeonovmh@timesonline.co.uk,Sr,false
811,Doti,Bussel,dbusselmi@economist.com,Sr,true
812,Roseann,Grote,rgrotemj@jimdo.com,IV,true
813,Mirella,Baudesson,mbaudessonmk@cdc.gov,II,true
814,Waite,Pardi,wpardiml@symantec.com,Jr,true
815,Ethelind,Neilan,eneilanmm@surveymonkey.com,Jr,true
816,Frannie,Calcott,fcalcottmn@foxnews.com,III,false
817,Charlton,Mathews,cmathewsmo@guardian.co.uk,Sr,false
818,Lorilyn,Stembridge,lstembridgemp@sitemeter.com,Jr,false
819,Jacintha,Bone,jbonemq@deviantart.com,Sr,true
820,Hildegarde,D'Souza,hdsouzamr@uol.com.br,III,false
821,Rudolph,Eblein,rebleinms@deliciousdays.com,III,true
822,Hanny,Kos,hkosmt@constantcontact.com,Jr,true
823,Loralee,Izakovitz,lizakovitzmu@soup.io,IV,false
824,Sig,Tottman,stottmanmv@joomla.org,Jr,true
825,Shana,MacKimm,smackimmmw@tuttocitta.it,III,true
826,Jillie,Tilling,jtillingmx@technorati.com,III,false
827,Orton,Durdle,odurdlemy@psu.edu,Jr,true
828,Delly,Gillfillan,dgillfillanmz@altervista.org,Sr,true
829,Weidar,Bridal,wbridaln0@edublogs.org,III,false
830,Ive,Geldert,igeldertn1@ezinearticles.com,Jr,true
831,Davin,Scurfield,dscurfieldn2@yellowpages.com,Sr,true
832,Fowler,Mulholland,fmulhollandn3@aboutads.info,Jr,true
833,Maxim,Mohammad,mmohammadn4@wp.com,Jr,false
834,Antoinette,Humpherson,ahumphersonn5@technorati.com,II,true
835,Estele,Dundredge,edundredgen6@statcounter.com,Jr,false
836,Rhianna,Glastonbury,rglastonburyn7@behance.net,IV,true
837,Erich,Klewer,eklewern8@hugedomains.com,IV,false
838,Marline,Josephoff,mjosephoffn9@reddit.com,Sr,false
839,Rosita,Corden,rcordenna@constantcontact.com,II,false
840,Cindi,Tash,ctashnb@nhs.uk,IV,false
841,Torey,Mc Dermid,tmcdermidnc@wisc.edu,II,true
842,Agnella,Greenhouse,agreenhousend@live.com,III,false
843,Wallache,Pockett,wpockettne@dmoz.org,III,true
844,Elisabeth,Bifield,ebifieldnf@yolasite.com,IV,false
845,Yulma,Cockings,ycockingsng@weebly.com,IV,true
846,Goldi,Scutter,gscutternh@newyorker.com,Jr,true
847,Doralia,Felmingham,dfelminghamni@wsj.com,Jr,false
848,Jon,Whelpton,jwhelptonnj@altervista.org,II,false
849,Cosimo,Speere,cspeerenk@cbsnews.com,II,false
850,Meredith,Lichfield,mlichfieldnl@yolasite.com,Sr,true
851,Alexa,Zamorano,azamoranonm@tinyurl.com,II,true
852,Bernadene,Haylor,bhaylornn@linkedin.com,Sr,false
853,Iago,Bramich,ibramichno@webmd.com,III,false
854,Theresa,Innes,tinnesnp@soup.io,Sr,true
855,Oralee,Bediss,obedissnq@aol.com,Jr,false
856,Theodor,Spiring,tspiringnr@hc360.com,III,true
857,Livvy,Gowans,lgowansns@clickbank.net,Jr,true
858,Marena,Hessay,mhessaynt@prlog.org,II,true
859,Burty,Hubbock,bhubbocknu@nationalgeographic.com,II,true
860,Nollie,Abramski,nabramskinv@state.tx.us,Sr,false
861,Saul,Vanni,svanninw@bloglovin.com,III,true
862,Alejandro,Tremmil,atremmilnx@smh.com.au,III,false
863,Clywd,Gale,cgaleny@va.gov,Jr,false
864,Kearney,Goldney,kgoldneynz@bbc.co.uk,Sr,true
865,Lindsy,Lindwall,llindwallo0@multiply.com,IV,true
866,Marigold,Clayson,mclaysono1@cdbaby.com,IV,false
867,Alessandra,Rossant,arossanto2@oracle.com,III,true
868,Eadmund,Shepperd,eshepperdo3@nyu.edu,Jr,false
869,Ag,Cowtherd,acowtherdo4@squarespace.com,Sr,true
870,Timoteo,Gaynsford,tgaynsfordo5@dmoz.org,III,true
871,Cassie,Gommey,cgommeyo6@dion.ne.jp,Jr,true
872,Lennard,Garrould,lgarrouldo7@barnesandnoble.com,Jr,true
873,Evanne,Hirsch,ehirscho8@digg.com,Sr,false
874,Vitia,Morris,vmorriso9@ebay.com,Jr,false
875,Aldon,Grane,agraneoa@plala.or.jp,III,true
876,Gery,Trunks,gtrunksob@flavors.me,IV,true
877,Abran,Piers,apiersoc@samsung.com,II,false
878,Lynsey,Barnsdall,lbarnsdallod@goo.gl,Sr,false
879,Carr,Straker,cstrakeroe@ihg.com,III,true
880,Marysa,Bard,mbardof@goo.gl,II,false
881,Illa,Mousley,imousleyog@cbc.ca,IV,false
882,Sheila,Epine,sepineoh@state.gov,IV,true
883,Clio,Hacquard,chacquardoi@t-online.de,IV,false
884,Tonya,Dommerque,tdommerqueoj@cornell.edu,II,true
885,Boniface,Roll,brollok@lycos.com,III,true
886,Charla,Foulks,cfoulksol@storify.com,IV,false
887,Madonna,Toppes,mtoppesom@chicagotribune.com,IV,false
888,Staford,Bulle,sbulleon@ifeng.com,IV,true
889,Venus,Bulcroft,vbulcroftoo@ft.com,Sr,true
890,Emogene,Waterdrinker,ewaterdrinkerop@spotify.com,Sr,true
891,Trista,Coston,tcostonoq@newsvine.com,II,false
892,Shelbi,Mayling,smaylingor@apple.com,IV,true
893,Sharla,Broy,sbroyos@shinystat.com,IV,false
894,Mariejeanne,Rockhall,mrockhallot@prnewswire.com,IV,true
895,Barnie,Housley,bhousleyou@amazon.com,III,false
896,Borden,Douglass,bdouglassov@qq.com,IV,false
897,Kippie,Oertzen,koertzenow@exblog.jp,Jr,true
898,Toiboid,Simacek,tsimacekox@unicef.org,II,false
899,Cynthy,McElmurray,cmcelmurrayoy@over-blog.com,II,false
900,Othella,Killingworth,okillingworthoz@latimes.com,II,false
901,Lidia,Sibson,lsibsonp0@geocities.com,Sr,false
902,Diane-marie,Louw,dlouwp1@github.io,IV,true
903,Aubree,Trowill,atrowillp2@sitemeter.com,Sr,false
904,Janey,Brayford,jbrayfordp3@hp.com,II,false
905,Miles,Weildish,mweildishp4@sbwire.com,Jr,true
906,Estrellita,Parton,epartonp5@topsy.com,IV,true
907,Reeva,Alvy,ralvyp6@stanford.edu,III,true
908,Renell,Harry,rharryp7@webeden.co.uk,Sr,true
909,Elianore,Bednall,ebednallp8@sakura.ne.jp,III,false
910,Nehemiah,Norwood,nnorwoodp9@issuu.com,Sr,false
911,Rennie,Shurmer,rshurmerpa@rediff.com,Jr,false
912,Sandye,Ceillier,sceillierpb@hubpages.com,II,true
913,Kinny,Vasilenko,kvasilenkopc@mail.ru,II,true
914,Lelia,Cortese,lcortesepd@virginia.edu,III,true
915,Ruth,Spurrier,rspurrierpe@livejournal.com,IV,true
916,Nestor,Abbys,nabbyspf@1und1.de,IV,false
917,Benyamin,Taunton.,btauntonpg@naver.com,IV,true
918,Simeon,Peizer,speizerph@tmall.com,II,false
919,Jan,Grastye,jgrastyepi@cnbc.com,IV,false
920,Kaia,Pozer,kpozerpj@google.com.hk,Sr,false
921,Malva,Butting,mbuttingpk@google.es,II,true
922,Vanda,MacVean,vmacveanpl@4shared.com,II,true
923,Mimi,Farrah,mfarrahpm@abc.net.au,II,true
924,Hortense,Evesque,hevesquepn@typepad.com,Jr,false
925,Wilden,Obbard,wobbardpo@theatlantic.com,III,true
926,Cleve,Meininger,cmeiningerpp@istockphoto.com,II,false
927,Matilda,Rau,mraupq@china.com.cn,Jr,false
928,Tasia,Ockenden,tockendenpr@europa.eu,IV,false
929,Debi,Coy,dcoyps@google.de,III,false
930,Valina,Phythian,vphythianpt@ebay.co.uk,IV,true
931,Ambrosi,Boyan,aboyanpu@sphinn.com,II,false
932,Stirling,Kohlert,skohlertpv@twitter.com,IV,true
933,Jeremiah,Bulward,jbulwardpw@meetup.com,Sr,false
934,Kalle,Fantonetti,kfantonettipx@google.com.br,Jr,true
935,Niven,Lawden,nlawdenpy@mozilla.org,Sr,false
936,Thomasin,Lecordier,tlecordierpz@google.com.au,III,true
937,Cody,Lorente,clorenteq0@msn.com,Jr,false
938,Harrie,Villar,hvillarq1@desdev.cn,II,false
939,Hunter,Clawe,hclaweq2@virginia.edu,Sr,false
940,Kare,Seint,kseintq3@unicef.org,III,true
941,Winslow,Dispencer,wdispencerq4@google.ru,Jr,true
942,Kirbie,Gioan,kgioanq5@adobe.com,III,true
943,Archie,Dunbobbin,adunbobbinq6@yahoo.com,IV,false
944,Sabine,Clampe,sclampeq7@nyu.edu,II,true
945,Arlen,Corkish,acorkishq8@dailymotion.com,Jr,false
946,Lambert,Dewing,ldewingq9@ihg.com,Jr,false
947,Hinze,Keeri,hkeeriqa@sun.com,Sr,true
948,Aeriell,MacGraith,amacgraithqb@themeforest.net,II,false
949,Sonia,Letterese,slettereseqc@narod.ru,IV,true
950,Loy,Chamberlaine,lchamberlaineqd@weibo.com,Jr,false
951,Yale,Joul,yjoulqe@vimeo.com,Jr,true
952,Terrill,Fabler,tfablerqf@virginia.edu,II,false
953,Lucio,Huggons,lhuggonsqg@sogou.com,III,true
954,Gleda,McGebenay,gmcgebenayqh@topsy.com,II,true
955,Glynnis,Folkerts,gfolkertsqi@pen.io,IV,true
956,Teressa,Adams,tadamsqj@uiuc.edu,Sr,false
957,Odetta,Melwall,omelwallqk@slashdot.org,II,false
958,Etta,Wardhaw,ewardhawql@nih.gov,Sr,false
959,Hilario,Eldredge,heldredgeqm@google.com.br,II,true
960,Helaine,Scragg,hscraggqn@jugem.jp,II,false
961,Aline,Hodgen,ahodgenqo@exblog.jp,Sr,false
962,Roldan,Burnel,rburnelqp@miibeian.gov.cn,III,false
963,Hubey,Straniero,hstranieroqq@ihg.com,II,true
964,Vick,Jackes,vjackesqr@elpais.com,IV,true
965,Joye,Surcomb,jsurcombqs@bandcamp.com,II,false
966,Olivia,Hedlestone,ohedlestoneqt@ebay.co.uk,III,true
967,Bryn,Le Houx,blehouxqu@va.gov,Sr,false
968,Bobina,Sherston,bsherstonqv@altervista.org,Sr,true
969,Ludvig,Petrecz,lpetreczqw@salon.com,IV,true
970,Marilee,Tremethack,mtremethackqx@mapy.cz,III,false
971,Marci,Ellinor,mellinorqy@1und1.de,Jr,true
972,Brigg,Gaspar,bgasparqz@wikia.com,III,false
973,Freda,Vause,fvauser0@qq.com,III,true
974,Braden,Corr,bcorrr1@istockphoto.com,Sr,true
975,Johann,MacCulloch,jmaccullochr2@ucla.edu,Sr,true
976,Tarrance,Shipway,tshipwayr3@jigsy.com,Jr,false
977,Antone,Duckels,aduckelsr4@a8.net,III,true
978,Thaine,Prosch,tproschr5@bbb.org,Jr,true
979,Emanuel,Shawyers,eshawyersr6@globo.com,IV,true
980,Faye,Tipperton,ftippertonr7@google.de,IV,true
981,Natassia,Gaskarth,ngaskarthr8@nationalgeographic.com,III,false
982,Davine,Erb,derbr9@ebay.co.uk,Sr,true
983,Jeromy,Bixley,jbixleyra@weibo.com,Sr,false
984,Gerda,Thickins,gthickinsrb@newyorker.com,IV,false
985,Christel,Ludl,cludlrc@ovh.net,III,false
986,Karoly,Hellsdon,khellsdonrd@prlog.org,Jr,false
987,Vidovik,Mogey,vmogeyre@economist.com,Jr,true
988,Lothario,Meatcher,lmeatcherrf@nydailynews.com,Sr,true
989,Luce,Toland,ltolandrg@buzzfeed.com,Sr,true
990,Zachery,Klimentyev,zklimentyevrh@redcross.org,IV,false
991,Angie,Mundall,amundallri@sina.com.cn,IV,true
992,Hurleigh,Vidloc,hvidlocrj@paginegialle.it,Sr,true
993,Douglas,Wholesworth,dwholesworthrk@51.la,Jr,true
994,Leicester,De Lasci,ldelascirl@desdev.cn,Sr,true
995,Shayla,Hutsby,shutsbyrm@earthlink.net,IV,false
996,Blisse,Asipenko,basipenkorn@lycos.com,II,true
997,Regen,Wandrach,rwandrachro@nsw.gov.au,Sr,false
998,Fred,Itzhaki,fitzhakirp@marriott.com,III,true
999,Selie,Dobkin,sdobkinrq@ucsd.edu,III,true
1000,Wolfy,Beardow,wbeardowrr@slate.com,III,false
